{
    "per_file": {
        "buchanj-midwinter-00-t.txt": {
            "hadoop": {
                "average_time": 4.963333333333334
            },
            "spark": {
                "average_time": 9.403333333333334
            }
        },
        "carman-farhorizons-00-t.txt": {
            "hadoop": {
                "average_time": 3.8366666666666664
            },
            "spark": {
                "average_time": 9.16
            }
        },
        "charlesworth-scene-00-t.txt": {
            "hadoop": {
                "average_time": 4.646666666666667
            },
            "spark": {
                "average_time": 9.270000000000001
            }
        },
        "cheyneyp-darkbahama-00-t.txt": {
            "hadoop": {
                "average_time": 4.923333333333333
            },
            "spark": {
                "average_time": 9.293333333333335
            }
        },
        "colby-champlain-00-t.txt": {
            "hadoop": {
                "average_time": 3.9499999999999997
            },
            "spark": {
                "average_time": 9.206666666666665
            }
        },
        "delamare-bumps-00-t.txt": {
            "hadoop": {
                "average_time": 4.043333333333334
            },
            "spark": {
                "average_time": 9.266666666666666
            }
        },
        "delamare-lucy-00-t.txt": {
            "hadoop": {
                "average_time": 4.010000000000001
            },
            "spark": {
                "average_time": 9.123333333333333
            }
        },
        "delamare-myfanwy-00-t.txt": {
            "hadoop": {
                "average_time": 3.966666666666667
            },
            "spark": {
                "average_time": 9.14
            }
        },
        "delamare-penny-00-t.txt": {
            "hadoop": {
                "average_time": 3.8800000000000003
            },
            "spark": {
                "average_time": 9.206666666666665
            }
        }
    },
    "total": {
        "hadoop": {
            "average_time": 4.246666666666666
        },
        "spark": {
            "average_time": 9.229999999999999
        }
    }
}