{
    "per_file": {
        "pg4300.txt": {
            "hadoop": {
                "average_time": 5.967999999999999
            },
            "linux": {
                "average_time": 0.12000000000000002
            }
        }
    },
    "total": {
        "hadoop": {
            "average_time": 5.967999999999999
        },
        "linux": {
            "average_time": 0.12000000000000002
        }
    }
}